"";"group";"records";"perc"
"1";"foliicole";459;47.2708547888774
"2";"corticole";343;35.3244078269825
"3";"saxicole";95;9.783728115345
"4";"terricole";4;0.411946446961895
"5";"on bryophytes";3;0.308959835221421
"6";"on shells of bivalves";1;0.102986611740474
"7";"unknown";66;6.79711637487127
