"";"group";"records";"perc"
"1";"foliicolous";459;45.1327433628319
"2";"corticolous";381;37.4631268436578
"3";"saxicolous";96;9.43952802359882
"4";"terricolous";4;0.393313667649951
"5";"bryicolous";3;0.294985250737463
"6";"on shells of bivalves";1;0.0983284169124877
"7";"unknown";73;7.1779744346116
